<!--

    Copyright DataStax, Inc.

    Licensed under the Apache License, Version 2.0 (the "License");
    you may not use this file except in compliance with the License.
    You may obtain a copy of the License at

    http://www.apache.org/licenses/LICENSE-2.0

    Unless required by applicable law or agreed to in writing, software
    distributed under the License is distributed on an "AS IS" BASIS,
    WITHOUT WARRANTIES OR CONDITIONS OF ANY KIND, either express or implied.
    See the License for the specific language governing permissions and
    limitations under the License.

-->
<configuration>

    <appender name="STDOUT" class="ch.qos.logback.core.ConsoleAppender">

        <!-- encoders are assigned the type
             ch.qos.logback.classic.encoder.PatternLayoutEncoder by default -->
        <encoder>
            <pattern>%-5level - %msg%n</pattern>
        </encoder>

    </appender>

    <!-- adjust the driver's log verbosity; see
    http://datastax.github.io/java-driver/manual/logging/
    for more information -->
    <logger name="com.datastax.driver.core" level="WARN"/>

    <root level="INFO">
        <appender-ref ref="STDOUT"/>
    </root>

</configuration>
